id;reference_number;created;customer;payment_type
1;Marketing;2020-08-27T09:50:40;cyan;VOUCHER
2;ADP cultivate;2020-08-27T16:57:52;Burundi connect Frozen;VOUCHER
3;Salad Customer navigate;2020-08-27T05:42:44;array backing up robust;CASH
4;Central killer Industrial;2020-08-27T05:30:57;Specialist;CARD
5;transmitting;2020-08-27T09:04:29;Planner world-class orange;VOUCHER
6;wireless Tonga composite;2020-08-27T17:15:34;Bedfordshire Shirt;VOUCHER
7;Alabama Savings Account Producer;2020-08-27T19:59:02;Home Loan Account Outdoors;CASH
8;world-class;2020-08-27T10:46:38;Supervisor;VOUCHER
9;Savings Account firmware cross-platform;2020-08-26T23:21:02;Forward hacking;EFT
10;Unbranded Concrete Gloves Orchard;2020-08-27T02:59:09;Hat Health;CARD
